domain,dr,traffic,first_seen,anchor,target_url
reelnreel.com,44,15000,2025-11-02,"pingback",https://wordsthatsells.website/
rankzly.shop,1,0,2026-07-20,"buy backlinks cheap",https://wordsthatsells.website/
linksnexa.shop,2,0,2026-06-11,"wordsthatsells.website case study",https://wordsthatsells.website/
techinasia.com,88,500000,2026-05-01,"Laos digital marketing",https://wordsthatsells.website/seo-digital-marketing
laotiantimes.com,55,80000,2026-04-14,"WordsThatSells agency",https://wordsthatsells.website/
super-cheap-da90-backlinks-express.store,0,0,2026-07-30,"increase DA now",https://wordsthatsells.website/
marketing-in-asia.com,60,45000,2026-03-08,"content marketing tips",https://wordsthatsells.website/articles
seo4you.xyz,5,20,2026-07-01,"best seo tool",https://wordsthatsells.website/
vientianetimes.org.la,40,30000,2026-02-19,"digital agency in Laos",https://wordsthatsells.website/
